{"loss": [0.15965388715267181, 0.1251051127910614], "mae": [0.14425653219223022, 0.11093153059482574], "mape": [67668.53125, 33450.203125], "val_loss": [0.12188217043876648, 0.11004984378814697], "val_mae": [0.10710681974887848, 0.09648644179105759], "val_mape": [81.8282470703125, 74.50675964355469]}