{"loss": [0.14687800407409668, 0.08630957454442978, 0.05620703473687172, 0.05003279447555542, 0.0492406040430069, 0.049731843173503876, 0.046298205852508545, 0.052148379385471344, 0.045495789498090744, 0.045736804604530334, 0.05413069576025009, 0.0443304181098938, 0.0431063249707222, 0.0370759479701519, 0.036453112959861755, 0.032099273055791855, 0.03590427711606026, 0.034287501126527786, 0.03390095755457878, 0.03832205757498741, 0.02839452028274536, 0.0355801023542881, 0.028742272406816483, 0.036477524787187576, 0.02845236472785473, 0.024925682693719864, 0.030860457569360733, 0.0334838405251503, 0.027565130963921547, 0.038439586758613586, 0.02979177236557007, 0.028218405321240425, 0.03837178274989128, 0.029061192646622658, 0.0277243684977293, 0.02719298005104065, 0.034156933426856995, 0.035480111837387085, 0.04707465320825577, 0.034936945885419846, 0.02967137098312378, 0.030499693006277084, 0.02854173444211483, 0.027143454179167747, 0.0287299957126379, 0.028629282489418983, 0.02565128542482853, 0.031103430315852165, 0.02808612957596779, 0.027224311605095863, 0.03659285232424736, 0.022990979254245758, 0.020573843270540237, 0.0207662396132946, 0.023938434198498726, 0.021825948730111122, 0.017565269023180008, 0.015597475692629814, 0.07182825356721878, 0.06775715947151184, 0.06448085606098175, 0.06144971400499344, 0.060099609196186066, 0.05775425210595131, 0.05595150217413902, 0.05417575314640999, 0.0529308021068573, 0.052138879895210266], "mae": [0.14687800407409668, 0.08630957454442978, 0.05620703473687172, 0.05003279447555542, 0.0492406040430069, 0.049731843173503876, 0.046298205852508545, 0.052148379385471344, 0.045495789498090744, 0.045736804604530334, 0.05413069576025009, 0.0443304181098938, 0.0431063249707222, 0.0370759479701519, 0.036453112959861755, 0.032099273055791855, 0.03590427711606026, 0.034287501126527786, 0.03390095755457878, 0.03832205757498741, 0.02839452028274536, 0.0355801023542881, 0.028742272406816483, 0.036477524787187576, 0.02845236472785473, 0.024925682693719864, 0.030860457569360733, 0.0334838405251503, 0.027565130963921547, 0.038439586758613586, 0.02979177236557007, 0.028218405321240425, 0.03837178274989128, 0.029061192646622658, 0.0277243684977293, 0.02719298005104065, 0.034156933426856995, 0.035480111837387085, 0.04707465320825577, 0.034936945885419846, 0.02967137098312378, 0.030499693006277084, 0.02854173444211483, 0.027143454179167747, 0.0287299957126379, 0.028629282489418983, 0.02565128542482853, 0.031103430315852165, 0.02808612957596779, 0.027224311605095863, 0.03659285232424736, 0.022990979254245758, 0.020573843270540237, 0.0207662396132946, 0.023938434198498726, 0.021825948730111122, 0.017565269023180008, 0.015597475692629814, 0.07182825356721878, 0.06775715947151184, 0.06448085606098175, 0.06144971400499344, 0.060099609196186066, 0.05775425210595131, 0.05595150217413902, 0.05417575314640999, 0.0529308021068573, 0.052138879895210266], "mape": [126.1427230834961, 43.24532699584961, 30.351301193237305, 25.020915985107422, 25.787761688232422, 25.572856903076172, 22.251800537109375, 22.724626541137695, 23.956504821777344, 23.907564163208008, 24.240976333618164, 22.773208618164062, 22.2293701171875, 18.466846466064453, 18.859939575195312, 15.833197593688965, 17.717803955078125, 15.106822967529297, 17.669200897216797, 17.543001174926758, 13.950295448303223, 17.480060577392578, 14.14167308807373, 18.720369338989258, 14.272395133972168, 12.692764282226562, 13.169302940368652, 18.161197662353516, 13.347609519958496, 19.297197341918945, 16.270160675048828, 14.374213218688965, 21.426795959472656, 15.092686653137207, 17.825885772705078, 13.670502662658691, 18.105440139770508, 17.156126022338867, 23.357498168945312, 18.51079750061035, 15.854372024536133, 15.03079605102539, 14.333829879760742, 13.189299583435059, 16.604787826538086, 14.065709114074707, 13.082283020019531, 14.824307441711426, 13.12646198272705, 13.262245178222656, 19.645954132080078, 10.735347747802734, 11.045616149902344, 10.019577026367188, 11.837177276611328, 11.21098518371582, 8.379251480102539, 6.65613317489624, 31.431278228759766, 30.877958297729492, 29.80159568786621, 28.370820999145508, 28.61672019958496, 28.39507484436035, 27.04623031616211, 26.0281982421875, 25.44712257385254, 24.432573318481445], "val_loss": [0.08063358813524246, 0.06866763532161713, 0.06042248755693436, 0.07702452689409256, 0.06320119649171829, 0.0477280355989933, 0.06953446567058563, 0.039742887020111084, 0.04997287318110466, 0.10965629667043686, 0.06738806515932083, 0.041188519448041916, 0.050818439573049545, 0.04155682772397995, 0.05266566947102547, 0.038390252739191055, 0.042488519102334976, 0.037592701613903046, 0.05334934964776039, 0.045416638255119324, 0.03757680580019951, 0.04526593163609505, 0.05685259401798248, 0.043583836406469345, 0.03988473117351532, 0.051239557564258575, 0.053808074444532394, 0.05010664463043213, 0.04312017187476158, 0.05066503956913948, 0.03558938205242157, 0.04238344356417656, 0.04812122881412506, 0.05241011455655098, 0.03968876227736473, 0.03971963748335838, 0.03514348343014717, 0.04608859494328499, 0.04047722369432449, 0.035167790949344635, 0.04241921007633209, 0.034963443875312805, 0.035566337406635284, 0.04197915270924568, 0.051919031888246536, 0.04852928966283798, 0.03350818529725075, 0.05679387226700783, 0.03586646541953087, 0.05833607539534569, 0.03552471101284027, 0.03578558564186096, 0.033113062381744385, 0.041484713554382324, 0.0330059789121151, 0.03214680776000023, 0.030498109757900238, 0.03159644454717636, 0.043680932372808456, 0.04493793472647667, 0.042965587228536606, 0.04387425631284714, 0.050239838659763336, 0.04707056283950806, 0.0463261753320694, 0.047135382890701294, 0.047496672719717026, 0.048410166054964066], "val_mae": [0.08063358813524246, 0.06866763532161713, 0.06042248755693436, 0.07702452689409256, 0.06320119649171829, 0.0477280355989933, 0.06953446567058563, 0.039742887020111084, 0.04997287318110466, 0.10965629667043686, 0.06738806515932083, 0.041188519448041916, 0.050818439573049545, 0.04155682772397995, 0.05266566947102547, 0.038390252739191055, 0.042488519102334976, 0.037592701613903046, 0.05334934964776039, 0.045416638255119324, 0.03757680580019951, 0.04526593163609505, 0.05685259401798248, 0.043583836406469345, 0.03988473117351532, 0.051239557564258575, 0.053808074444532394, 0.05010664463043213, 0.04312017187476158, 0.05066503956913948, 0.03558938205242157, 0.04238344356417656, 0.04812122881412506, 0.05241011455655098, 0.03968876227736473, 0.03971963748335838, 0.03514348343014717, 0.04608859494328499, 0.04047722369432449, 0.035167790949344635, 0.04241921007633209, 0.034963443875312805, 0.035566337406635284, 0.04197915270924568, 0.051919031888246536, 0.04852928966283798, 0.03350818529725075, 0.05679387226700783, 0.03586646541953087, 0.05833607539534569, 0.03552471101284027, 0.03578558564186096, 0.033113062381744385, 0.041484713554382324, 0.0330059789121151, 0.03214680776000023, 0.030498109757900238, 0.03159644454717636, 0.043680932372808456, 0.04493793472647667, 0.042965587228536606, 0.04387425631284714, 0.050239838659763336, 0.04707056283950806, 0.0463261753320694, 0.047135382890701294, 0.047496672719717026, 0.048410166054964066],