{"loss": [0.043909844011068344, 0.018263427540659904, 0.012112652882933617, 0.01004240196198225, 0.009367028251290321, 0.008928773924708366, 0.008582388050854206, 0.008329094387590885, 0.00820962805300951, 0.007888294756412506, 0.03994639590382576, 0.016395071521401405, 0.011295677162706852, 0.009588193148374557, 0.008909698575735092, 0.008579539135098457, 0.008304371498525143, 0.008075106889009476, 0.007885240018367767, 0.007982973009347916, 0.04247983172535896, 0.01719317026436329, 0.018965454772114754, 0.01745237410068512, 0.015934603288769722, 0.014608092606067657], "mae": [0.043909844011068344, 0.018263427540659904, 0.012112652882933617, 0.01004240196198225, 0.009367028251290321, 0.008928773924708366, 0.008582388050854206, 0.008329094387590885, 0.00820962805300951, 0.007888294756412506, 0.03994639590382576, 0.016395071521401405, 0.011295677162706852, 0.009588193148374557, 0.008909698575735092, 0.008579539135098457, 0.008304371498525143, 0.008075106889009476, 0.007885240018367767, 0.007982973009347916, 0.04247983172535896, 0.01719317026436329, 0.018965454772114754, 0.01745237410068512, 0.015934603288769722, 0.014608092606067657], "mape": [634.520751953125, 338.2021484375, 638.7909545898438, 404.50701904296875, 379.2627868652344, 331.94781494140625, 248.66775512695312, 241.32513427734375, 204.72972106933594, 318.03643798828125, 1245.894287109375, 45.96064376831055, 255.92236328125, 173.0733184814453, 21.878360748291016, 239.88381958007812, 155.083251953125, 204.27685546875, 276.5480041503906, 221.8122100830078, 1323.490234375, 180.89198303222656, 232.74847412109375, 155.19656372070312, 44.634586334228516, 47.099327087402344], "val_loss": [0.021848592907190323, 0.013455713167786598, 0.010429859161376953, 0.009067095816135406, 0.01060610730201006, 0.008858095854520798, 0.007848076522350311, 0.011121539399027824, 0.007517644204199314, 0.0077993846498429775, 0.021703867241740227, 0.012299234978854656, 0.009447233751416206, 0.009506244212388992, 0.007752552162855864, 0.00904926098883152, 0.008379722945392132, 0.007879839278757572, 0.008330837823450565, 0.00795647595077753, 0.019918296486139297, 0.01434914767742157, 0.018450262024998665, 0.01640077866613865, 0.014949540607631207, 0.014487342908978462], "val_mae": [0.021848592907190323, 0.013455713167786598, 0.010429859161376953, 0.009067095816135406, 0.01060610730201006, 0.008858095854520798, 0.007848076522350311, 0.011121539399027824, 0.007517644204199314, 0.0077993846498429775, 0.021703867241740227, 0.012299234978854656, 0.009447233751416206, 0.009506244212388992, 0.007752552162855864, 0.00904926098883152, 0.008379722945392132, 0.007879839278757572, 0.008330837823450565, 0.00795647595077753, 0.019918296486139297, 0.01434914767742157, 0.018450262024998665, 0.01640077866613865, 0.014949540607631207, 0.014487342908978462], "val_mape": [9.068581581115723, 5.978145599365234, 4.8804707527160645, 4.299201488494873, 4.881342887878418, 3.9666342735290527, 3.5165815353393555, 5.661299228668213, 3.2762012481689453, 3.301159381866455, 9.917133331298828, 5.8087005615234375, 4.477745056152344, 4.856665134429932, 3.405067205429077, 3.845221757888794, 3.648576498031616, 3.5197906494140625, 4.292087078094482, 3.3024985790252686, 8.344483375549316, 5.879110813140869, 8.454498291015625, 6.744241237640381, 6.339092254638672, 6.410653591156006]}